Names,links
Rad Rodgers Radical Edition Free Download,http://oceanofgames.com/rad-rodgers-radical-edition-free-download/
Darksiders III The Crucible Free Download,http://oceanofgames.com/darksiders-iii-the-crucible-free-download/
The Sims 4 StrangerVille Free Download,http://oceanofgames.com/the-sims-4-strangerville-free-download/
The Cursed Forest Free Download,http://oceanofgames.com/the-cursed-forest-free-download/
Blood Bond Into the Shroud Free Download,http://oceanofgames.com/blood-bond-into-the-shroud-free-download/
Pathfinder Kingmaker Varnholds Lot Free Download,http://oceanofgames.com/pathfinder-kingmaker-varnholds-lot-free-download/
WOUNDED Lot Free Download,http://oceanofgames.com/wounded-lot-free-download/
Forgiveness Lot Free Download,http://oceanofgames.com/forgiveness-lot-free-download/
Fimbul Free Download,http://oceanofgames.com/fimbul-free-download/
Deadly Kingdom Free Download,http://oceanofgames.com/deadly-kingdom-free-download/
Dead or Alive 6 Free Download,http://oceanofgames.com/dead-or-alive-6-free-download/
Dawn Of Man Free Download,http://oceanofgames.com/dawn-of-man-free-download/
Railway Empire Germany Free Download,http://oceanofgames.com/railway-empire-germany-free-download/
ToeJam and Earl Back in the Groove Free Download,http://oceanofgames.com/toejam-and-earl-back-in-the-groove-free-download/
Objects in Space Free Download,http://oceanofgames.com/objects-in-space-free-download/
Fragile Fighter Free Download,http://oceanofgames.com/fragile-fighter-free-download/
Rad Rodgers Radical Edition Free Download,http://oceanofgames.com/rad-rodgers-radical-edition-free-download/
Darksiders III The Crucible Free Download,http://oceanofgames.com/darksiders-iii-the-crucible-free-download/
The Sims 4 StrangerVille Free Download,http://oceanofgames.com/the-sims-4-strangerville-free-download/
The Cursed Forest Free Download,http://oceanofgames.com/the-cursed-forest-free-download/
Blood Bond Into the Shroud Free Download,http://oceanofgames.com/blood-bond-into-the-shroud-free-download/
Pathfinder Kingmaker Varnholds Lot Free Download,http://oceanofgames.com/pathfinder-kingmaker-varnholds-lot-free-download/
WOUNDED Lot Free Download,http://oceanofgames.com/wounded-lot-free-download/
Forgiveness Lot Free Download,http://oceanofgames.com/forgiveness-lot-free-download/
