movie_names,movie_links
Fantastic Beasts The Crimes of Grindelwald 2018,https://rdxhd.cool/watch-fantastic-beasts-the-crimes-of-grindelwald-2018-online/
Total Dhamaal,https://rdxhd.cool/total-dhamaal-2019-watch-online/
Petta 2019,https://rdxhd.cool/watch-petta-2019-online/
Kaka Ji,https://rdxhd.cool/kaka-ji-2019-watch-online/
Hum chaar,https://rdxhd.cool/hum-chaar-2019-watch-online/
Alita Battle Angel,https://rdxhd.cool/alita-battle-angel-watch-online/
Spider Man Into the Spider-Verse,https://rdxhd.cool/spider-man-into-the-spider-verse-watch-online/
Serenity,https://rdxhd.cool/serenity-2019-watch-online/
Sabse Bada Hungama,https://rdxhd.cool/sabse-bada-hungama-2018-watch-online/
CJ7 2008,https://rdxhd.cool/cj7-2008-watch-online/
Moodar Koodam,https://rdxhd.cool/moodar-koodam-2013-watch-online/
How Do You Know,https://rdxhd.cool/how-do-you-know-2010-watch-online/
Ek Paheli Leela,https://rdxhd.cool/ek-paheli-leela-2015-watch-online/
Personal Shopper,https://rdxhd.cool/personal-shopper-2016-watch-online/
Secret Superstar 2017,https://rdxhd.cool/watch-secret-superstar-2017-online/
Sarkar 3 2017,https://rdxhd.cool/watch-sarkar-3-2017-online/
The Night Comes for Us,https://rdxhd.cool/the-night-comes-for-us-2018-watch-online/
Rangrezz,https://rdxhd.cool/rangrezz-2013-watch-online/
Isn’t It Romantic,https://rdxhd.cool/isnt-it-romantic-2019-watch-online/
Creed,https://rdxhd.cool/creed-2015-watch-online/
Arima Nambi,https://rdxhd.cool/arima-nambi-2014-watch-online/
Shootout at Wadala,https://rdxhd.cool/shootout-at-wadala-2013-watch-online/
To All the Boys I’ve Loved Before,https://rdxhd.cool/to-all-the-boys-ive-loved-before-2018-watch-online/
Mamma Mia,https://rdxhd.cool/mamma-mia-2008-watch-online/
Sex Drugs & Theatre,https://rdxhd.cool/series/sex-drugs-theatre/
Le De Ke Bol,https://rdxhd.cool/series/le-de-ke-bol/
26 January,https://rdxhd.cool/series/26-january/
Dance Bar,https://rdxhd.cool/series/dance-bar/
Singardaan,https://rdxhd.cool/series/singardaan/
The Final Call,https://rdxhd.cool/series/the-final-call/
Hey Prabhu!,https://rdxhd.cool/series/hey-prabhu/
Im Mature,https://rdxhd.cool/series/im-mature/
The Choice Season 1 Complete,https://rdxhd.cool/series/the-choice-season-1-complete/
Enaaya Season 1 Complete,https://rdxhd.cool/series/enaaya/
Bribe,https://rdxhd.cool/series/bribe/
Operation Cobra,https://rdxhd.cool/series/operation-cobra/
Maid in India,https://rdxhd.cool/series/maid-in-india/
Melting Cheese,https://rdxhd.cool/series/melting-cheese/
Charitraheen,https://rdxhd.cool/series/charitraheen/
The Anniversary Surprise,https://rdxhd.cool/series/the-anniversary-surprise/
